habilitado;UF;municipio;inova5
Sim;AC;tarauaca;tarauaca
Não;AC;mancio lima;mancio lima
Não;AC;capixaba;capixaba
Não;RO;rolim de moura;rolim de moura
Não;RO;machadinho d´oeste;machadinho d´oeste
Não;PB;camalau;camalau
Sim;PB;serra branca;serra branca
Sim;DF;brasilia;brasilia
Não;DF;brazlandia;brazlandia
Não;AL;batalha;batalha
Não;TO;alvorada;alvorada
Não;TO;dois irmaos do tocantins;dois irmaos do tocantins
Não;TO;santa rita do tocantins;santa rita do tocantins
Não;TO;duere;duere
Não;SC;agronomica;agronomica
Não;SC;gaspar;gaspar
Não;RN;ceara mirim;ceara mirim
Não;RJ;mage;mage
Não;RJ;saquarema;saquarema
Não;RJ;rio de janeiro;rio de janeiro
Não;RJ;sao pedro da aldeia;sao pedro da aldeia
Não;RJ;itaborai;itaborai
Não;PI;jacobina;jacobina
Não;PI;cristino castro;cristino castro
Não;PI;luis correia;luis correia
Não;PA;portel;portel
Não;PA;curralinho;curralinho
Não;PA;bujaru;bujaru
Não;PA;sao francisco do para;sao francisco do para
Não;PA;santo antonio do taua;santo antonio do taua
Não;PA;acara;acara
Não;PA; aveiro; aveiro
Não;PA;maraba;maraba
Não;PA;tucuma;tucuma
Não;PA;rondon do para;rondon do para
Não;PA;goianesia do para;goianesia do para
Não;PA;canaa dos carajas;canaa dos carajas
Não;PA;mocajuba;mocajuba
Não;PA;baiao;baiao
Não;PA;moju;moju
Não;PA;tracuateua;tracuateua
Não;PA;viseu;viseu
Não;PA;jacunda;jacunda
Não;MS;dourados;dourados
Não;MT;guaranta do norte;guaranta do norte
Não;MT;comodoro;comodoro
Não;MA;sao jose de ribamar;sao jose de ribamar
Não;MA;penalva;penalva
Não;GO;porteirao;porteirao
Não;GO;aragoiania;aragoiania
Não;GO;alexania;alexania
Não;GO;professor jamil;professor jamil
Não;GO;panama;panama
Não;GO;caldas novas;caldas novas
Não;GO;ceres;ceres
Não;GO;anicuns;anicuns
Não;GO;santa terezinha de goias;santa terezinha de goias
Não;GO;crixas;crixas
Não;ES;marechal floriano;marechal floriano
Não;ES;piuma;piuma
Não;ES;pinheiros;pinheiros
Não;ES;sao jose do calcado;sao jose do calcado
Não;ES;jeronimo monteiro;jeronimo monteiro
Não;ES;baixo guandu;baixo guandu
Sim;DF;paranoa;paranoa
Sim;DF;giallanza;giallanza
Não;CE;salitre;salitre
Não;CE;aiuaba;aiuaba
Não;CE;paracuru;paracuru
Não;CE;saboeiro;saboeiro
Não;CE;deputado irapuan pinheiro;deputado irapuan pinheiro
Não;CE;aratuba;aratuba
Não;CE;madalena;madalena
Não;BA;maracas;maracas
Não;BA;iuiu;iuiu
Não;BA;amargosa;amargosa
Não;BA;pintadas;pintadas
Não;BA;caetite;caetite
Não;BA;nova fatima;nova fatima
Não;BA;guanambi;guanambi
Não;AL;teotonio vilela;teotonio vilela
Não;AL;murici;murici
Sim;TO;pugmil;pugmil
Sim;TO;araguacu;araguacu
Não;SP;avare;avare
Não;SP;pindamonhangaba;pindamonhangaba
Não;SP;pederneiras;pederneiras
Não;SP;mirandopolis;mirandopolis
Não;SP;piacatu;piacatu
Não;SP;rifaina;rifaina
Não;SP;orlandia;orlandia
Não;SP;caieiras;caieiras
Não;SP;tapiratiba;tapiratiba
Não;SP;quadra;quadra
Não;SP;guariba;guariba
Não;SC;sao bento do sul;sao bento do sul
Sim;RO;espigao do oeste;espigao do oeste
Não;RS;pinheiro machado;pinheiro machado
Não;RS;sao jose do ouro;sao jose do ouro
Não;RS;esperanca do sul;esperanca do sul
Não;RS;quarai;quarai
Não;RS;cacique doble;cacique doble
Não;RS;quatro irmaos;quatro irmaos
Não;RS;presidente lucena;presidente lucena
Não;RS;barra funda;barra funda
Não;RS;tres arroios;tres arroios
Não;RS;teutonia;teutonia
Não;RS;santo antonio do planalto;santo antonio do planalto
Não;RS;bom principio;bom principio
Não;RS;eldorado do sul;eldorado do sul
Não;RS;agua santa;agua santa
Não;RS;santa vitoria do palmar;santa vitoria do palmar
Não;RS;chapada;chapada
Não;RS;lagoa dos tres cantos;lagoa dos tres cantos
Não;RS;sapucaia do sul;sapucaia do sul
Não;RS;machadinho;machadinho
Não;RS;vila maria;vila maria
Não;RS;bento goncalves;bento goncalves
Não;RS;cerro largo;cerro largo
Não;RS;santo antonio do palma;santo antonio do palma
Não;RS;sao miguel das missoes;sao miguel das missoes
Não;RS;maquine;maquine
Sim;PB;condado;condado
Não;PA;santa isabel do para;santa isabel do para
Não;PA;augusto correa;augusto correa
Não;PA;soure;soure
Sim;MG;barao do monte alto;barao do monte alto
Sim;MG;antonio prado de minas;antonio prado de minas
Sim;MG;eugenopolis;eugenopolis
Sim;MG;tombos;tombos
Não;MG;santa cruz de salinas;santa cruz de salinas
Não;MG;nova lima;nova lima
Não;MG;presidente kubitschek;presidente kubitschek
Não;MG;aracai;aracai
Não;MG;presidente kubitschek;presidente kubitschek
Não;MG;pitangui;pitangui
Não;MG;bom repouso;bom repouso
Não;MG;funilandia;funilandia
Não;MG;mamonas;mamonas
Não;MG;prata;prata
Não;MG;coronel murta;coronel murta
Não;MG;catuti;catuti
Não;MG;santana de cataguases;santana de cataguases
Não;MG;formiga;formiga
Não;MG;andradas;andradas
Não;MG;alvarenga;alvarenga
Não;MG;bocaiuva;bocaiuva
Não;MG;sao domingos do prata;sao domingos do prata
Não;MG;joao pinheiro;joao pinheiro
Não;MG;corrego novo;corrego novo
Não;MG;pedra azul;pedra azul
Não;MG;sete lagoas;sete lagoas
Não;MG;sao goncalo do abaete;sao goncalo do abaete
Não;MG;campo florido;campo florido
Não;MG;medeiros;medeiros
Sim;MT;acorizal;acorizal
Sim;MT;novo mundo;novo mundo
Não;MA;humberto de campos;humberto de campos
Sim;GO;agua limpa;agua limpa
Não;GO;fazenda nova;fazenda nova
Sim;GO;senador canedo;senador canedo
Sim;GO;campo limpo de goias;campo limpo de goias
Sim;GO;inaciolandia;inaciolandia
Sim;GO;mara rosa;mara rosa
Não;ES;ponto belo;ponto belo
Não;ES;joao neiva;joao neiva
Não;ES;brejetuba;brejetuba
Não;ES;alfredo chaves;alfredo chaves
Sim;CE;ipu;ipu
Não;CE;assare;assare
Sim;CE;barbalha;barbalha
Não;CE;iguatu;iguatu
Não;BA;santo estevao;santo estevao
Sim;TO;dianopolis;dianopolis
Sim;TO;wanderlandia;wanderlandia
Sim;TO;tocantinopolis;tocantinopolis
Sim;TO;miranorte;miranorte
Sim;TO;guarai;guarai
Sim;TO;riachinho;riachinho
Sim;SP;jarinu;jarinu
Não;SP;sao lourenco da serra;sao lourenco da serra
Sim;SP;taquarivai;taquarivai
Sim;SP;igarapava;igarapava
Não;SP;presidente prudente;presidente prudente
Não;SP;salmourao;salmourao
Não;SP;guapiara;guapiara
Não;SP;sao simao;sao simao
Não;SP;barueri;barueri
Não;SP;catanduva;catanduva
Não;SP;cunha;cunha
Sim;SC;saudades;saudades
Não;SC;icara;icara
Sim;SC;catanduvas;catanduvas
Sim;SC;joinville;joinville
Sim;RR;rorainopolis;rorainopolis
Não;RS;vera cruz;vera cruz
Não;RS;cacapava do sul;cacapava do sul
Não;RS;porto maua;porto maua
Não;RS;palmares do sul;palmares do sul
Não;RS;unistalda;unistalda
Não;RS;pareci novo;pareci novo
Sim;RN;marcelino vieira;marcelino vieira
Não;RJ;santa maria madalena;santa maria madalena
Não;RJ;nova iguacu;nova iguacu
Sim;RJ;santo antonio de padua;santo antonio de padua
Sim;PI;sebastiao leal;sebastiao leal
Sim;PR;paranavai;paranavai
Não;PB;santa luzia;santa luzia
Sim;PB;catingueira;catingueira
Sim;PA;santa maria do para;santa maria do para
Sim;PA;breu branco;breu branco
Sim;PA;terra alta;terra alta
Sim;MG;patrocinio do muriae;patrocinio do muriae
Não;MG;lagoa da prata;lagoa da prata
Sim;MG;chapada gaucha;chapada gaucha
Sim;MG;jaboticatubas;jaboticatubas
Sim;MG;santo antonio do rio abaixo;santo antonio do rio abaixo
Sim;MG;guarani;guarani
Sim;MG;brazopolis;brazopolis
Não;MG;rio acima;rio acima
Sim;MS;obadias de lana;obadias de lana
Não;MS;anaurilandia;anaurilandia
Sim;MS;fatima do sul;fatima do sul
Sim;MS;vicentina;vicentina
Sim;MS;sete quedas;sete quedas
Sim;MT;nova nazare;nova nazare
Sim;MT;nova marilandia;nova marilandia
Sim;MT;pontal do araguaia;pontal do araguaia
Sim;MT;novo sao joaquim;novo sao joaquim
Sim;MT;canarana;canarana
Sim;MT;gaucha do norte;gaucha do norte
Sim;MT;indiavai;indiavai
Não;MA;balsas;balsas
Sim;GO;novo gama;novo gama
Sim;GO;santa helena de goias;santa helena de goias
Sim;GO;cachoeira alta;cachoeira alta
Sim;GO;porangatu;porangatu
Sim;GO;piracanjuba;piracanjuba
Sim;GO;aloandia;aloandia
Não;GO;joviania;joviania
Não;ES;bom jesus do norte;bom jesus do norte
Não;DF;varjao;varjao
Sim;DF;itapoa;itapoa
Sim;CE;campos sales;campos sales
Não;CE;tejucuoca;tejucuoca
Sim;AM;branquinha;branquinha
Sim;AL;cha preta;cha preta
Não;AL;campo alegre;campo alegre
Sim;AL;maravilha;maravilha
Sim;AL;capela;capela
Sim;AL;taquarana;taquarana
Sim;AL;feliz deserto;feliz deserto
Sim;AL;junqueiro;junqueiro
Não;AL;agua branca;agua branca
Sim;AC;senador guiomard;senador guiomard
Sim;TO;augustinopolis;augustinopolis
Sim;TO;caseara;caseara
Sim;TO;santa rosa do tocantins;santa rosa do tocantins
Sim;TO;miracema do tocantins;miracema do tocantins
Sim;TO;bernardo sayao;bernardo sayao
Sim;SP;promissao;promissao
Sim;SP;nova odessa;nova odessa
Sim;SP;rubiacea;rubiacea
Não;SP;cerqueira cesar;cerqueira cesar
Sim;SP;pontes gestal;pontes gestal
Sim;SP;votuporanga;votuporanga
Sim;SP;salto de pirapora;salto de pirapora
Não;SP;itaoca;itaoca
Não;SP;itapeva;itapeva
Não;SP;registro;registro
Sim;SP;pedro de toledo;pedro de toledo
Sim;SP;jacupiranga;jacupiranga
Sim;SP;miracatu;miracatu
Sim;SP;quata;quata
Não;SP;serra azul;serra azul
Sim;SC;aguas frias;aguas frias
Não;SC;sao domingos;sao domingos
Sim;SC;aguas de chapeco;aguas de chapeco
Sim;SC;canoinhas;canoinhas
Sim;SC;pinhalzinho;pinhalzinho
Sim;RR;alto alegre;alto alegre
Sim;RR;bonfim;bonfim
Sim;RR;caracarai;caracarai
Sim;RO;ariquemes;ariquemes
Não;RS;tapejara;tapejara
Sim;RS;pinhal;pinhal
Sim;RS;sagrada familia;sagrada familia
Sim;RS;boa vista do incra;boa vista do incra
Sim;RS;guapore;guapore
Sim;RS;vista gaucha;vista gaucha
Sim;RN;assu;assu
Sim;RN;luis gomes;luis gomes
Sim;RN;serra negra do norte;serra negra do norte
Sim;RN;lagoa nova;lagoa nova
Sim;RN;ipueira;ipueira
Sim;RJ;cabo frio;cabo frio
Sim;RJ;araruama;araruama
Não;RJ;belford roxo;belford roxo
Sim;PI;inhuma;inhuma
Sim;PI;barras;barras
Sim;PI;sao jose do piaui;sao jose do piaui
Sim;PI;caxingo;caxingo
Sim;PI;piripiri;piripiri
Sim;PI;jose de freitas;jose de freitas
Sim;PI;arraial;arraial
Sim;PI;corrente;corrente
Sim;PI;padre marcos;padre marcos
Sim;PE;tuparetama;tuparetama
Sim;PE;sao joao;sao joao
Sim;PE;jatauba;jatauba
Sim;PE;camocim de sao felix;camocim de sao felix
Sim;PB;sobrado;sobrado
Sim;PB;campina grande;campina grande
Sim;PB;joao pessoa;joao pessoa
Sim;PB;mae d`agua;mae d`agua
Sim;PA;igarape-miri;igarape-miri
Sim;PA;mae do rio;mae do rio
Sim;PA;parauapebas;parauapebas
Sim;MG;carangola;carangola
Sim;MG;lavras;lavras
Sim;MG;uruana de minas;uruana de minas
Não;MG;uberlandia;uberlandia
Sim;MG;jaiba;jaiba
Sim;MG;ouro branco;ouro branco
Sim;MG;ibiraci;ibiraci
Sim;MG;grao mogol;grao mogol
Sim;MG;arceburgo;arceburgo
Sim;MG;barroso;barroso
Sim;MS;taquarussu;taquarussu
Sim;MS;angelica;angelica
Sim;MS;japora;japora
Sim;MS;juti;juti
Sim;MS;amambai;amambai
Sim;MS;coronel sapucaia;coronel sapucaia
Sim;MS;mundo novo;mundo novo
Sim;MT;reserva do cabacal;reserva do cabacal
Sim;MT;pontes e lacerda;pontes e lacerda
Sim;MT;nova canaa do norte;nova canaa do norte
Sim;MT;barra do bugres;barra do bugres
Não;MT;sorriso;sorriso
Sim;MA;brejo;brejo
Sim;MA;joao lisboa;joao lisboa
Sim;MA;sao francisco do maranhao;sao francisco do maranhao
Sim;MA;colinas;colinas
Sim;GO;inhumas;inhumas
Sim;GO;indiara;indiara
Sim;GO;arenopolis;arenopolis
Sim;GO;chapadao do ceu;chapadao do ceu
Sim;GO;turvelandia;turvelandia
Sim;GO;piranhas;piranhas
Sim;GO;uirapuru;uirapuru
Sim;ES;mimoso do sul;mimoso do sul
Sim;ES;ibiracu;ibiracu
Sim;ES;alto rio novo;alto rio novo
Não;DF;sobradinho;sobradinho
Sim;CE;camocim;camocim
Sim;CE;aracati;aracati
Não;CE;novo oriente;novo oriente
Sim;CE;pedra branca;pedra branca
Sim;CE;juazeiro do norte;juazeiro do norte
Sim;CE;beberibe;beberibe
Sim;CE;itaitinga;itaitinga
Sim;BA;itiuba;itiuba
Sim;BA;jequie;jequie
Sim;BA;igapora;igapora
Sim;BA;uaua;uaua
Sim;AL;maceio;maceio
Sim;AL;barra de sao miguel;barra de sao miguel
Sim;AL;sao jose da tapera;sao jose da tapera
Sim;AL;major izidoro;major izidoro
Sim;AL;girau do ponciano;girau do ponciano
Sim;AL;rio largo;rio largo
Sim;AC;bujari;bujari
Sim;TO;combinado;combinado
Sim;TO;palmas;palmas
Sim;TO;pedro afonso;pedro afonso
Sim;TO;sao valerio da natividade;sao valerio da natividade
Sim;TO;santa fe do araguaia;santa fe do araguaia
Sim;TO;porto nacional;porto nacional
Sim;SP;caconde;caconde
Sim;SP;campinas;campinas
Sim;SP;guaruja;guaruja
Sim;SP;americana;americana
Sim;SP;jabaquara;jabaquara
Sim;SP;eldorado;eldorado
Não;SP;presidente alves;presidente alves
Sim;SP;santo amaro;santo amaro
Sim;SP;pirassununga;pirassununga
Sim;SP;candido rodrigues;candido rodrigues
Sim;SP;santo antonio da alegria;santo antonio da alegria
Não;SP;franco da rocha;franco da rocha
Sim;SP;alvares machado;alvares machado
Sim;SP;sete barras;sete barras
Sim;SP;arandu;arandu
Sim;SP;amongagua;amongagua
Sim;SP;sumare;sumare
Não;SP;parapua;parapua
Sim;SP;cubatao;cubatao
Sim;SC;timbo;timbo
Sim;SC;seara;seara
Sim;SC;ipora do oeste;ipora do oeste
Sim;SC;sombrio;sombrio
Sim;SC;otacilio costa;otacilio costa
Sim;SC;curitibanos;curitibanos
Sim;SC;joacaba;joacaba
Sim;SC;ita;ita
Sim;SC;xaxim;xaxim
Sim;SC;itapoa;itapoa
Sim;SC;agua doce;agua doce
Sim;SC;barra do sul;barra do sul
Sim;SC;lindoia do sul;lindoia do sul
Sim;SC;araquari;araquari
Sim;RR;uiramuta;uiramuta
Sim;RR;canta;canta
Sim;RR;pacaraima;pacaraima
Sim;RO;vilhena;vilhena
Sim;RS;encantado;encantado
Não;RS;jacutinga;jacutinga
Sim;RS;capela de santana;capela de santana
Sim;RS;sao pedro do butia;sao pedro do butia
Sim;RS;alto feliz;alto feliz
Não;RS;miraguai;miraguai
Não;RS;victor graeff;victor graeff
Sim;RS;bage;bage
Sim;RS;butia;butia
Sim;RS;garibaldi;garibaldi
Não;RS;palmeira das missoes;palmeira das missoes
Sim;RS;aratiba;aratiba
Não;RS;vitoria das missoes;vitoria das missoes
Sim;RS;marau;marau
Sim;RS;santo antonio da patrulha;santo antonio da patrulha
Não;RS;julio de castilhos;julio de castilhos
Sim;RS;nova prata;nova prata
Sim;RS;tres coroas;tres coroas
Sim;RN;parelhas;parelhas
Sim;RN;tenente ananias;tenente ananias
Sim;RN;currais novos;currais novos
Sim;RJ;miracema;miracema
Sim;RJ;cachoeiras de macacu;cachoeiras de macacu
Sim;RJ;macuco;macuco
Não;RJ;duas barras;duas barras
Sim;RJ;natividade;natividade
Sim;RJ;rio das flores;rio das flores
Sim;PI;pio ix;pio ix
Sim;PI;nossa senhora de nazare;nossa senhora de nazare
Sim;PI;valenca do piaui;valenca do piaui
Sim;PI;floriano;floriano
Sim;PI;cajazeiras do piaui;cajazeiras do piaui
Sim;PI;sao joao do arraial;sao joao do arraial
Sim;PE;triunfo;triunfo
Sim;PE;cha de alegria;cha de alegria
Sim;PE;cortes;cortes
Sim;PE;gameleira;gameleira
Sim;PE;cedro;cedro
Sim;PE;joaquim nabuco;joaquim nabuco
Sim;PE;garanhuns;garanhuns
Sim;PE;paranatama;paranatama
Sim;PE;carnaiba;carnaiba
Sim;PE;angelim;angelim
Sim;PE;barreiros;barreiros
Sim;PE;abreu e lima;abreu e lima
Sim;PR;foz do iguacu;foz do iguacu
Sim;PR;apucarana;apucarana
Sim;PB;livramento;livramento
Sim;PB;sao jose do brejo do cruz;sao jose do brejo do cruz
Sim;PB;triunfo;triunfo
Sim;PA;ulianopolis;ulianopolis
Sim;PA;benevides;benevides
Sim;PA;xinguara;xinguara
Sim;PA;belem;belem
Sim;PA;castanhal;castanhal
Sim;PA;tome-acu;tome-acu
Sim;MG;salinas;salinas
Sim;MG;dom joaquim;dom joaquim
Sim;MG;senador firmino;senador firmino
Sim;MG;novorizonte;novorizonte
Sim;MG;pirangucu;pirangucu
Sim;MG;montes claros;montes claros
Sim;MG;itamonte;itamonte
Sim;MG;pirapora;pirapora
Sim;MS;brasilandia;brasilandia
Sim;MS;costa rica;costa rica
Sim;MS;itapora;itapora
Sim;MS;guia lopes da laguna;guia lopes da laguna
Sim;MS;nova andradina;nova andradina
Sim;MS;ponta pora;ponta pora
Não;MT;caceres;caceres
Sim;MT;barra do garcas;barra do garcas
Sim;MT;varzea grande;varzea grande
Sim;MT;paranatinga;paranatinga
Sim;MT;campo novo do parecis;campo novo do parecis
Sim;MA;itapecuru mirim;itapecuru mirim
Sim;MA;nova iorque;nova iorque
Sim;MA;anajatuba;anajatuba
Sim;MA;sao joao dos patos;sao joao dos patos
Não;GO;aparecida de goiania;aparecida de goiania
Sim;GO;crixas;crixas
Sim;GO;caiaponia;caiaponia
Sim;GO;jatai;jatai
Sim;GO;mairipotaba;mairipotaba
Sim;GO;sao simao;sao simao
Sim;GO;goiatuba;goiatuba
Não;ES;conceicao barra;conceicao barra
Sim;ES;linhares;linhares
Sim;ES;fundao;fundao
Sim;ES;venda nova do imigrante;venda nova do imigrante
Sim;DF;gama;gama
Sim;CE;baturite;baturite
Sim;CE;ocara;ocara
Sim;CE;redencao;redencao
Sim;CE;croata;croata
Sim;CE;tamboril;tamboril
Sim;CE;fortim;fortim
Sim;CE;hidrolandia;hidrolandia
Sim;CE;ibicuitinga;ibicuitinga
Sim;BA;ourolandia;ourolandia
Sim;BA;curaca;curaca
Sim;BA;lauro de freitas;lauro de freitas
Sim;AM;parintins;parintins
Sim;AP;porto grande;porto grande
Sim;AP;tartarugalzinho;tartarugalzinho
Sim;AL;penedo;penedo
Sim;AL;boca da mata;boca da mata
Sim;AL;mata grande;mata grande
Sim;AL;ibateguara;ibateguara
Sim;AL;poco das trincheiras;poco das trincheiras
Não;AC;acrelandia;acrelandia
Não;AC;rio branco;rio branco
Sim;TO;paraiso do tocantins;paraiso do tocantins
Sim;SP;dracena;dracena
Sim;SP;mombuca;mombuca
Sim;SP;vinhedo;vinhedo
Não;SP;santa isabel;santa isabel
Sim;SP;cajamar;cajamar
Sim;SP;itapira;itapira
Não;SP;palmares paulista;palmares paulista
Sim;SP;araraquara;araraquara
Sim;SP;santa lucia;santa lucia
Sim;SP;junqueiropolis;junqueiropolis
Sim;SP;botucatu;botucatu
Não;SP;americo de campos;americo de campos
Sim;SP;itariri;itariri
Sim;SP;cajobi;cajobi
Sim;SP;guarulhos;guarulhos
Sim;SP;ipaussu;ipaussu
Sim;SP;sao roque;sao roque
Sim;SP;sales;sales
Sim;SP;descalvado;descalvado
Sim;SP;taruma;taruma
Sim;SP;ribeirao pires;ribeirao pires
Sim;SP;sao miguel arcanjo;sao miguel arcanjo
Sim;SP;borborema;borborema
Sim;SP;diadema;diadema
Sim;SP;marilia;marilia
Sim;SP;lucelia;lucelia
Sim;SP;pirajui;pirajui
Sim;SP;morungaba;morungaba
Sim;SP;monte mor;monte mor
Sim;SP;rio das pedras;rio das pedras
Sim;SP;leme;leme
Sim;SP;paraguacu paulista;paraguacu paulista
Sim;SP;dobrada;dobrada
Sim;SP;morro agudo;morro agudo
Sim;SP;ferraz de vasconcelos;ferraz de vasconcelos
Sim;SP;rafard;rafard
Sim;SP;sao vicente;sao vicente
Sim;SP;ipigua;ipigua
Sim;SP;votuporanga;votuporanga
Sim;SC;ponte serrada;ponte serrada
Sim;SC;palhoca;palhoca
Sim;SC;cacador;cacador
Sim;SC;chapeco;chapeco
Sim;SC;schroeder;schroeder
Sim;RO;porto velho;porto velho
Sim;RO;cacoal;cacoal
Sim;RS;macambara;macambara
Sim;RS;sapiranga;sapiranga
Sim;RS;caxias do sul;caxias do sul
Sim;RS;charqueadas;charqueadas
Sim;RS;pedras altas;pedras altas
Sim;RS;ronda alta;ronda alta
Sim;RS;sao valerio do sul;sao valerio do sul
Sim;RS;caseiros;caseiros
Sim;RS;quinze de novembro;quinze de novembro
Sim;RS;sao gabriel;sao gabriel
Sim;RS;passo do sobrado;passo do sobrado
Sim;RS;nova petropolis;nova petropolis
Sim;RS;forquetinha;forquetinha
Sim;RS;arroio dos ratos;arroio dos ratos
Sim;RS;santana do livramento;santana do livramento
Sim;RS;panambi;panambi
Sim;RS;paverama;paverama
Sim;RS;santa maria;santa maria
Sim;RS;capivari do sul;capivari do sul
Sim;RS;arroio grande;arroio grande
Sim;RN;timbauba dos batistas;timbauba dos batistas
Sim;RN;major sales;major sales
Sim;RN;janduis;janduis
Sim;RN;tangara;tangara
Sim;RN;apodi;apodi
Sim;RN;mossoro;mossoro
Não;RJ;sao joao da barra;sao joao da barra
Sim;RJ;rio das ostras;rio das ostras
Sim;RJ;iguaba grande;iguaba grande
Sim;RJ;casimiro de abreu;casimiro de abreu
Sim;RJ;sao fidelis;sao fidelis
Sim;RJ;sao goncalo;sao goncalo
Sim;RJ;tres rios;tres rios
Sim;RJ;barra mansa;barra mansa
Sim;RJ;cantagalo;cantagalo
Sim;RJ;cordeiro;cordeiro
Sim;RJ;pinheiral;pinheiral
Sim;RJ;areal;areal
Sim;RJ;duque de caxias;duque de caxias
Sim;RJ;nova friburgo;nova friburgo
Sim;RJ;porciuncula;porciuncula
Sim;PI;bocaina;bocaina
Sim;PI;picos;picos
Sim;PE;bom jardim;bom jardim
Sim;PE;timbauba;timbauba
Sim;PE;caruaru;caruaru
Sim;PE;ferreiros;ferreiros
Sim;PE;aracoiaba;aracoiaba
Sim;PE;macaparana;macaparana
Sim;PE;machados;machados
Sim;PE;jaboatao dos guararapes;jaboatao dos guararapes
Sim;PE;sao caetano;sao caetano
Sim;PE;riacho das almas;riacho das almas
Sim;PE;quipapa;quipapa
Sim;PE;sertania;sertania
Sim;PE;lagoa de itaenga;lagoa de itaenga
Sim;PE;panelas;panelas
Sim;PE;casinhas;casinhas
Sim;PE;taquaritinga do norte;taquaritinga do norte
Sim;PE;lagoa do carro;lagoa do carro
Sim;PE;brejinho;brejinho
Sim;PR;maringa;maringa
Sim;PB;cabaceiras;cabaceiras
Sim;PB;picui;picui
Sim;PB;pedras de fogo;pedras de fogo
Sim;PB;boqueirao;boqueirao
Sim;PB;nova palmeira;nova palmeira
Sim;PB;gurjao;gurjao
Sim;PB;matinhas;matinhas
Sim;PA;braganca;braganca
Sim;PA;santarem;santarem
Sim;PA;barcarena;barcarena
Sim;PA;ananindeua;ananindeua
Sim;MG;santana do riacho;santana do riacho
Sim;MG;buritizeiro;buritizeiro
Sim;MG;monsenhor paulo;monsenhor paulo
Sim;MG;monte azul;monte azul
Sim;MG;itabira;itabira
Sim;MG;piedade dos gerais;piedade dos gerais
Sim;MG;cambui;cambui
Sim;MG;oliveira;oliveira
Sim;MG;campo belo;campo belo
Sim;MG;itanhandu;itanhandu
Sim;MG;itauna;itauna
Sim;MG;taiobeiras;taiobeiras
Sim;MG;eloi mendes;eloi mendes
Sim;MG;itabirinha;itabirinha
Sim;MG;ipatinga;ipatinga
Sim;MG;leme do prado;leme do prado
Sim;MG;miradouro;miradouro
Sim;MS;sao gabriel do oeste;sao gabriel do oeste
Sim;MS;bataypora;bataypora
Sim;MS;selviria;selviria
Sim;MS;ivinhema;ivinhema
Sim;MS;jardim;jardim
Sim;MT;curvelandia;curvelandia
Sim;MT;campos de julio;campos de julio
Sim;MT;nova xavantina;nova xavantina
Sim;MT;cuiaba;cuiaba
Sim;MT;conquista doeste;conquista doeste
Sim;MT;lucas do rio verde;lucas do rio verde
Sim;MT;agua boa;agua boa
Sim;MT;denise;denise
Não;MT;rosario oeste;rosario oeste
Sim;MT;alta floresta;alta floresta
Sim;MT;terra nova do norte;terra nova do norte
Sim;MT;tangara da serra;tangara da serra
Não;MT;sinop;sinop
Sim;MT;colider;colider
Sim;MA;sao joao do paraiso;sao joao do paraiso
Sim;MA;caxias;caxias
Sim;MA;sao luis;sao luis
Sim;GO;jesupolis;jesupolis
Sim;GO;jaragua;jaragua
Sim;ES;santa teresa;santa teresa
Sim;ES;anchieta;anchieta
Sim;ES;iuna;iuna
Sim;ES;cariacica;cariacica
Sim;ES;colatina;colatina
Sim;CE;jaguaribe;jaguaribe
Sim;CE;independencia;independencia
Sim;CE;itaicaba;itaicaba
Sim;CE;cruz;cruz
Sim;CE;guaramiranga;guaramiranga
Sim;CE;santa quiteria;santa quiteria
Sim;CE;boa viagem;boa viagem
Sim;CE;mombaca;mombaca
Sim;BA;campo formoso;campo formoso
Sim;BA;senhor do bonfim;senhor do bonfim
Sim;BA;cruz das almas;cruz das almas
Sim;AP;santana;santana
Sim;AL;delmiro gouveia;delmiro gouveia
Sim;AL;traipu;traipu
Sim;AL;coruripe;coruripe
Sim;AL;quebrangulo;quebrangulo
Sim;TO;colinas do tocantins;colinas do tocantins
Sim;SE;carmopolis;carmopolis
Sim;SP;carapicuiba;carapicuiba
Sim;SP;pracinha;pracinha
Sim;SP;apiai;apiai
Sim;SP;olimpia;olimpia
Sim;SP;iguape;iguape
Sim;SP;cachoeira paulista;cachoeira paulista
Sim;SP;queluz;queluz
Sim;SP;capao bonito;capao bonito
Sim;SP;tambau;tambau
Sim;SP;buri;buri
Sim;SP;ubatuba;ubatuba
Sim;SP;varzea paulista;varzea paulista
Sim;SP;guara;guara
Sim;SP;tabatinga;tabatinga
Sim;SP;penapolis;penapolis
Sim;SP;franca;franca
Sim;SP;sao jose do rio pardo;sao jose do rio pardo
Sim;SP;matao;matao
Sim;SP;viradouro;viradouro
Sim;SP;santo antonio de posse;santo antonio de posse
Sim;SP;limeira;limeira
Sim;SP;sao mateus;sao mateus
Sim;SP;salto;salto
Sim;SP;ourinhos;ourinhos
Sim;SP;barra do chapeu;barra do chapeu
Sim;SP;mira estrela;mira estrela
Sim;SP;sao caetano do sul;sao caetano do sul
Sim;SP;itabera;itabera
Sim;SP;nova campina;nova campina
Sim;SP;rancharia;rancharia
Sim;SP;ituverava;ituverava
Sim;SP;bebedouro;bebedouro
Sim;SP;cerquilho;cerquilho
Sim;SP;jaguariuna;jaguariuna
Sim;SP;palmital;palmital
Sim;SP;paranapua;paranapua
Sim;SP;itu;itu
Sim;SP;santa rosa de viterbo;santa rosa de viterbo
Sim;SP;capivari;capivari
Sim;SP;angatuba;angatuba
Sim;SP;dois corregos;dois corregos
Sim;SP;itupeva;itupeva
Sim;SP;itarare;itarare
Sim;SP;serra negra;serra negra
Sim;SP;jaborandi;jaborandi
Sim;SP;fernandopolis;fernandopolis
Sim;SP;sao sebastiao;sao sebastiao
Sim;SP;ipua;ipua
Sim;SP;peruibe;peruibe
Sim;SP;cristais paulista;cristais paulista
Sim;SP;jales;jales
Sim;SP;santana de parnaiba;santana de parnaiba
Sim;SC;sao jose;sao jose
Sim;SC;rio dos cedros;rio dos cedros
Sim;SC;itajai;itajai
Sim;SC;rio do sul;rio do sul
Sim;RR;boa vista;boa vista
Sim;RS;salvador do sul;salvador do sul
Sim;RS;rosario do sul;rosario do sul
Sim;RS;tres passos;tres passos
Sim;RS;passo fundo;passo fundo
Sim;RS;alegrete;alegrete
Sim;RS;torres;torres
Não;RS;roca sales;roca sales
Sim;RS;gravatai;gravatai
Sim;RS;cruzaltense;cruzaltense
Sim;RS;esteio;esteio
Sim;RS;gramado;gramado
Sim;RS;dois irmaos;dois irmaos
Sim;RS;erechim;erechim
Sim;RS;pelotas;pelotas
Sim;RS;crissiumal;crissiumal
Sim;RS;cangucu;cangucu
Sim;RS;turucu;turucu
Sim;RS;santo angelo;santo angelo
Sim;RS;dom pedrito;dom pedrito
Sim;RS;girua;girua
Sim;RS;sao francisco de assis;sao francisco de assis
Sim;RS;novo tiradentes;novo tiradentes
Sim;RS;sao leopoldo;sao leopoldo
Sim;RS;fazenda vilanova;fazenda vilanova
Sim;RJ;bom jardim;bom jardim
Sim;RJ;pirai;pirai
Não;RJ;porto real;porto real
Sim;RJ;mesquita;mesquita
Sim;RJ;sao jose do vale do rio preto;sao jose do vale do rio preto
Sim;RJ;tangua;tangua
Sim;RJ;niteroi;niteroi
Sim;RJ;barra do pirai;barra do pirai
Sim;RJ;rio claro;rio claro
Sim;RJ;rio bonito;rio bonito
Sim;RJ;petropolis;petropolis
Sim;RJ;quissama;quissama
Sim;RJ;volta redonda;volta redonda
Sim;RJ;teresopolis;teresopolis
Sim;RJ;paracambi;paracambi
Sim;PI;luzilandia;luzilandia
Sim;PI;batalha;batalha
Sim;PE;santa maria da boa vista;santa maria da boa vista
Sim;PE;trindade;trindade
Sim;PE;belem do sao francisco;belem do sao francisco
Sim;PE;agrestina;agrestina
Sim;PE;cupira;cupira
Sim;PE;vicencia;vicencia
Sim;PE;santa filomena;santa filomena
Sim;PE;afogados da ingazeira;afogados da ingazeira
Sim;PE;cabo de santo agostinho;cabo de santo agostinho
Sim;PE;serra talhada;serra talhada
Sim;PE;sao bento do una;sao bento do una
Sim;PE;cha grande;cha grande
Sim;PE;olinda;olinda
Sim;PE;bezerros;bezerros
Sim;PE;nazare da mata;nazare da mata
Sim;PE;limoeiro;limoeiro
Sim;PE;iguaracy;iguaracy
Sim;PE;jatoba;jatoba
Sim;PE;joao alfredo;joao alfredo
Sim;PE;venturosa;venturosa
Sim;PE;sao vicente ferrer;sao vicente ferrer
Sim;PE;pedra;pedra
Sim;PE;pesqueira;pesqueira
Sim;PE;petrolina;petrolina
Sim;PR;curitiba;curitiba
Sim;PB;bananeiras;bananeiras
Sim;PA;paragominas;paragominas
Sim;PA;pau d'arco;pau d'arco
Sim;PA;tailandia;tailandia
Sim;MG;santos dumont;santos dumont
Sim;MG;janauba;janauba
Sim;MG;santo antonio do monte;santo antonio do monte
Sim;MG;barbacena;barbacena
Sim;MG;muriae;muriae
Sim;MG;contagem;contagem
Sim;MG;perdigao;perdigao
Sim;MG;governador valadares;governador valadares
Sim;MG;franciscopolis;franciscopolis
Sim;MG;tres marias;tres marias
Sim;MG;congonhas;congonhas
Sim;MS;chapadao do sul;chapadao do sul
Sim;MS;campo grande;campo grande
Sim;MS;rio brilhante;rio brilhante
Sim;MS;corumba;corumba
Sim;MS;maracaju;maracaju
Sim;MS;itaquirai;itaquirai
Sim;MT;araputanga;araputanga
Sim;MT;nova olimpia;nova olimpia
Sim;MA;alcantara;alcantara
Sim;MA;central do maranhao;central do maranhao
Sim;MA;barra do corda;barra do corda
Sim;MA;imperatriz;imperatriz
Sim;MA;porto franco;porto franco
Sim;MA;pedreiras;pedreiras
Sim;GO;quirinopolis;quirinopolis
Sim;GO;mineiros;mineiros
Sim;GO;anapolis;anapolis
Sim;GO;rio verde;rio verde
Sim;GO;goianesia;goianesia
Sim;GO;parauna;parauna
Sim;ES;jaguare;jaguare
Sim;ES;aracruz;aracruz
Sim;ES;cachoeiro de itapemirim;cachoeiro de itapemirim
Sim;ES;vitoria;vitoria
Sim;ES;boa esperanca;boa esperanca
Sim;ES;muqui;muqui
Sim;ES;nova venecia;nova venecia
Sim;ES;mucurici;mucurici
Sim;CE;capistrano;capistrano
Sim;CE;santana do acarau;santana do acarau
Sim;CE;vicosa do ceara;vicosa do ceara
Sim;CE;sobral;sobral
Não;CE;granjeiro;granjeiro
Sim;CE;fortaleza;fortaleza
Sim;CE;maracanau;maracanau
Sim;CE;itapaje;itapaje
Sim;CE;oros;oros
Sim;CE;taua;taua
Sim;CE;jaguaretama;jaguaretama
Sim;BA;camacari;camacari
Sim;BA;santo antonio de jesus;santo antonio de jesus
Sim;AL;maragogi;maragogi
Sim;AL;santana do ipanema;santana do ipanema
Sim;SE;frei paulo;frei paulo
Sim;SE;porto da folha;porto da folha
Sim;SE;brejo grande;brejo grande
Sim;SE;laranjeiras;laranjeiras
Sim;SP;santo andre;santo andre
Sim;SP;presidente epitacio;presidente epitacio
Sim;SP;cotia;cotia
Sim;SP;martinopolis;martinopolis
Sim;SP;sao jose dos campos;sao jose dos campos
Sim;SP;bocaina;bocaina
Sim;SP;suzano;suzano
Sim;SP;sao carlos;sao carlos
Sim;SP;praia grande;praia grande
Sim;SP;jandira;jandira
Sim;SP;presidente prudente;presidente prudente
Sim;SP;ibitinga;ibitinga
Sim;SP;ribeirao do sul;ribeirao do sul
Sim;SP;pirapora do bom jesus;pirapora do bom jesus
Sim;SP;cravinhos;cravinhos
Sim;SP;itaquaquecetuba;itaquaquecetuba
Sim;SP;santa barbara do oeste;santa barbara do oeste
Sim;SP;lencois paulista;lencois paulista
Sim;SP;jacarei;jacarei
Sim;SP;caraguatatuba;caraguatatuba
Sim;SP;paraibuna;paraibuna
Sim;SP;sud mennucci;sud mennucci
Sim;SP;santos;santos
Sim;SP;salesopolis;salesopolis
Sim;SP;aracatuba;aracatuba
Sim;SP;osvaldo cruz;osvaldo cruz
Sim;SP;sorocaba;sorocaba
Sim;SP;guarani d´oeste;guarani d´oeste
Sim;SP;valinhos;valinhos
Sim;SP;jardinopolis;jardinopolis
Sim;SP;colina;colina
Sim;SP;aracariguama;aracariguama
Sim;SP;igaracu do tiete;igaracu do tiete
Sim;SP;barretos;barretos
Sim;SP;sao joao da boa vista;sao joao da boa vista
Sim;SP;campo limpo paulista;campo limpo paulista
Sim;SP;pinheiros;pinheiros
Sim;SP;santa fe do sul;santa fe do sul
Sim;SP;pilar do sul;pilar do sul
Sim;SP;indaiatuba;indaiatuba
Sim;SP;rio grande da serra;rio grande da serra
Sim;SP;votorantim;votorantim
Sim;SP;garca;garca
Sim;SP;jaboticabal;jaboticabal
Sim;SP;santa cruz do rio pardo;santa cruz do rio pardo
Sim;SP;taquaritinga;taquaritinga
Sim;SP;bariri;bariri
Sim;SP;itapecerica da serra;itapecerica da serra
Sim;SP;itapetininga;itapetininga
Sim;SP;ilha solteira;ilha solteira
Sim;SP;miguelopolis;miguelopolis
Sim;SP;itai;itai
Sim;SP;ribeirao preto;ribeirao preto
Sim;SP;sao jose do rio preto;sao jose do rio preto
Sim;SP;macatuba;macatuba
Sim;SP;cruzeiro;cruzeiro
Sim;SP;tatui;tatui
Sim;SP;piraju;piraju
Sim;SP;guaira;guaira
Sim;SP;mogi das cruzes;mogi das cruzes
Sim;SP;amparo;amparo
Sim;SP;lins;lins
Sim;SP;piracicaba;piracicaba
Sim;SP;boituva;boituva
Sim;SP;porto ferreira;porto ferreira
Sim;SP;sao bernardo do campo;sao bernardo do campo
Sim;SP;sao sebastiao da grama;sao sebastiao da grama
Sim;SP;jundiai;jundiai
Sim;SP;itanhaem;itanhaem
Sim;SP;fartura;fartura
Sim;SP;sertaozinho;sertaozinho
Sim;SP;novo horizonte;novo horizonte
Sim;SP;hortolandia;hortolandia
Sim;SP;porto feliz;porto feliz
Sim;SP;cajuru;cajuru
Sim;SP;batatais;batatais
Sim;SP;taboao da serra;taboao da serra
Sim;SP;itatiba;itatiba
Sim;SP;ilhabela;ilhabela
Sim;SP;maua;maua
Sim;SP;embu;embu
Sim;SC;blumenau;blumenau
Sim;RS;balneario pinhal;balneario pinhal
Sim;RS;osorio;osorio
Sim;RS;sao borja;sao borja
Sim;RS;rio grande;rio grande
Sim;RS;tupandi;tupandi
Sim;RS;condor;condor
Sim;RS;farroupilha;farroupilha
Sim;RS;porto alegre;porto alegre
Sim;RS;cruz alta;cruz alta
Sim;RS;santa cruz do sul;santa cruz do sul
Sim;PE;moreno;moreno
Sim;PE;lajedo;lajedo
Sim;PE;lagoa grande;lagoa grande
Sim;PE;ipojuca;ipojuca
Sim;PE;santa cruz do capibaribe;santa cruz do capibaribe
Sim;PE;petrolandia;petrolandia
Sim;PE;buique;buique
Sim;MG;joao monlevade;joao monlevade
Sim;MG;cachoeira de minas;cachoeira de minas
Sim;MG;itabirito;itabirito
Sim;MG;santa luzia;santa luzia
Sim;MG;itajuba;itajuba
Sim;MG;uberaba;uberaba
Sim;MT;campo verde;campo verde
Sim;SE;nossa senhora aparecida;nossa senhora aparecida
Sim;SE;caninde de sao francisco;caninde de sao francisco
Sim;SE;neopolis;neopolis
Sim;SE;itaporanga d'ajuda;itaporanga d'ajuda
Sim;SP;osasco;osasco
Sim;SE;estancia;estancia
